{"P_TPFC": 2.624802140598316, "L_TPPC": 1.8159802997023693, "P_TPPC": 1.6312177257979419, "O_TPTC": 2.357333225412882, "O_TPFC": 2.1001953179428656, "P_TPTC": 0.8182755916610023, "V_TPFC": 1.973509337593677, "O_TPPC": 2.6457298331872448, "L_TPFC": 1.5423454828478838, "V_TPTC": 2.3767108602022935, "V_TPPC": 2.74261925533452, "Distrattore": 0.9673814737318707, "L_TPTC": 2.382925855377228}