{"L_TPPC": 1.8448200948805966, "O_TPPC": 2.414970861591149, "V_TPPC": 2.6182256720613997, "P_TPPC": 1.7690554458225605}