{"L_TPPC": 1.8324020761602076, "O_TPPC": 2.452555952043583, "V_TPPC": 2.505845649625034, "P_TPPC": 1.7244089192850944}