{"L_TPPC": 1.7454057621725136, "O_TPPC": 2.5976088066248075, "V_TPPC": 2.5875056587714296, "P_TPPC": 1.6349561599130693}