{"P": 1.774373230807811, "Distrattore": 1.0508982364177206, "L": 1.9397512308661478, "O": 2.3727560382300386, "V": 2.430316349208069}