{"L_TPPC": 1.844820094880595, "O_TPPC": 2.41497086159115, "V_TPPC": 2.6182256720614014, "P_TPPC": 1.76905544582256}