{"L_TPPC": 1.7660576493225715, "O_TPPC": 2.553611780054246, "V_TPPC": 2.7176110039493486, "P_TPPC": 1.7024235231858638}