{"L_TPPC": 2.052429275127407, "O_TPPC": 2.673790226341076, "V_TPPC": 2.888540093228286, "P_TPPC": 1.8411051194516244}