{"L_TPPC": 1.7988317853137448, "O_TPPC": 2.662974387846266, "V_TPPC": 2.7616721059505807, "P_TPPC": 1.7650262453202104}