{"P_TPFC": 1.012044588724762, "L_TPPC": 1.1120186760313808, "P_TPPC": 0.9933427969618889, "O_TPTC": 0.8522712276096668, "O_TPFC": 0.5500513826098571, "P_TPTC": 0.5767732574826191, "V_TPFC": 0.5275652067998573, "O_TPPC": 0.933315396309222, "L_TPFC": 0.7403302760347142, "V_TPTC": 1.3416075252345234, "V_TPPC": 1.135133054521611, "Distrattore": 0.4828505413031542, "L_TPTC": 1.5222951306239443}