{"P_TPFC": 2.648609443257264, "L_TPPC": 1.9803126727544378, "P_TPPC": 1.6335955408091252, "O_TPTC": 3.340886086224833, "O_TPFC": 2.591145311171521, "P_TPTC": 0.9400739255361333, "V_TPFC": 1.9204795194474353, "O_TPPC": 3.1678440105170407, "L_TPFC": 1.8505261456591875, "V_TPTC": 2.7658258580302086, "V_TPPC": 2.948272593319792, "Distrattore": 1.084623084003086, "L_TPTC": 2.4880584912986876}