{"P_TPFC": 2.748218916834152, "L_TPPC": 1.8173478520595274, "P_TPPC": 1.7212919324923366, "O_TPTC": 2.28946776494657, "O_TPFC": 2.060309143492033, "P_TPTC": 0.839712947296613, "V_TPFC": 2.1568419882572227, "O_TPPC": 2.5958999738111705, "L_TPFC": 1.6439682752645286, "V_TPTC": 2.4127111179901166, "V_TPPC": 2.752036459684209, "Distrattore": 1.0706418636211594, "L_TPTC": 2.5119164698655116}