{"P_TPFC": 1.0770798751285, "L_TPPC": 1.2342920814247855, "P_TPPC": 1.06190276146, "O_TPTC": 0.9126355477745715, "O_TPFC": 0.42673553739307135, "P_TPTC": 0.6160350527082857, "V_TPFC": 0.5303007023672858, "O_TPPC": 1.007722894351, "L_TPFC": 0.7102365493772141, "V_TPTC": 1.5749499286914284, "V_TPPC": 1.2593300143883335, "Distrattore": 0.4297257904653398, "L_TPTC": 1.7927865783380001}